InvoiceNo,StockCode,Description,Quantity,InvoiceDate,UnitPrice,CustomerID,Country
10000,85123A,WHITE HANGING HEART T-LIGHT HOLDER,30,2011-06-25,2.55,17850,United Kingdom
10001,71053,WHITE METAL LANTERN,5,2011-06-25,3.39,17850,United Kingdom
10002,84406B,CREAM CUPID HEARTS COAT HANGER,30,2011-06-25,2.75,17850,United Kingdom
10003,84029G,KNITTED UNION FLAG HOT WATER BOTTLE,5,2011-06-25,3.39,17850,United Kingdom
10004,84029E,RED WOOLLY HOTTIE WHITE HEART,0,2011-06-25,3.39,17850,United Kingdom
10005,22752,SET 7 BABUSHKA NESTING BOXES,0,2011-06-25,7.65,17850,United Kingdom
10006,21730,GLASS STAR FROSTED T-LIGHT HOLDER,10,2011-06-25,4.25,17850,United Kingdom
10007,22633,HAND WARMER UNION JACK,5,2011-06-25,1.85,17850,United Kingdom
10008,22632,HAND WARMER RED POLKA DOT,5,2011-06-25,1.85,17850,United Kingdom
10009,84879,ASSORTED COLOUR BIRD ORNAMENT,30,2011-06-25,1.69,17850,United Kingdom
10010,85123A,WHITE HANGING HEART T-LIGHT HOLDER,30,2011-06-26,2.55,17850,United Kingdom
10011,71053,WHITE METAL LANTERN,0,2011-06-26,3.39,17850,United Kingdom
10012,84406B,CREAM CUPID HEARTS COAT HANGER,5,2011-06-26,2.75,17850,United Kingdom
10013,84029G,KNITTED UNION FLAG HOT WATER BOTTLE,0,2011-06-26,3.39,17850,United Kingdom
10014,84029E,RED WOOLLY HOTTIE WHITE HEART,10,2011-06-26,3.39,17850,United Kingdom
10015,22752,SET 7 BABUSHKA NESTING BOXES,0,2011-06-26,7.65,17850,United Kingdom
10016,21730,GLASS STAR FROSTED T-LIGHT HOLDER,10,2011-06-26,4.25,17850,United Kingdom
10017,22633,HAND WARMER UNION JACK,0,2011-06-26,1.85,17850,United Kingdom
10018,22632,HAND WARMER RED POLKA DOT,0,2011-06-26,1.85,17850,United Kingdom
10019,84879,ASSORTED COLOUR BIRD ORNAMENT,0,2011-06-26,1.69,17850,United Kingdom
10020,85123A,WHITE HANGING HEART T-LIGHT HOLDER,30,2011-06-27,2.55,17850,United Kingdom
10021,71053,WHITE METAL LANTERN,0,2011-06-27,3.39,17850,United Kingdom
10022,84406B,CREAM CUPID HEARTS COAT HANGER,10,2011-06-27,2.75,17850,United Kingdom
10023,84029G,KNITTED UNION FLAG HOT WATER BOTTLE,30,2011-06-27,3.39,17850,United Kingdom
10024,84029E,RED WOOLLY HOTTIE WHITE HEART,0,2011-06-27,3.39,17850,United Kingdom
10025,22752,SET 7 BABUSHKA NESTING BOXES,10,2011-06-27,7.65,17850,United Kingdom
10026,21730,GLASS STAR FROSTED T-LIGHT HOLDER,20,2011-06-27,4.25,17850,United Kingdom
10027,22633,HAND WARMER UNION JACK,30,2011-06-27,1.85,17850,United Kingdom
10028,22632,HAND WARMER RED POLKA DOT,10,2011-06-27,1.85,17850,United Kingdom
10029,84879,ASSORTED COLOUR BIRD ORNAMENT,0,2011-06-27,1.69,17850,United Kingdom
10030,85123A,WHITE HANGING HEART T-LIGHT HOLDER,0,2011-06-28,2.55,17850,United Kingdom
10031,71053,WHITE METAL LANTERN,0,2011-06-28,3.39,17850,United Kingdom
10032,84406B,CREAM CUPID HEARTS COAT HANGER,20,2011-06-28,2.75,17850,United Kingdom
10033,84029G,KNITTED UNION FLAG HOT WATER BOTTLE,0,2011-06-28,3.39,17850,United Kingdom
10034,84029E,RED WOOLLY HOTTIE WHITE HEART,30,2011-06-28,3.39,17850,United Kingdom
10035,22752,SET 7 BABUSHKA NESTING BOXES,20,2011-06-28,7.65,17850,United Kingdom
10036,21730,GLASS STAR FROSTED T-LIGHT HOLDER,0,2011-06-28,4.25,17850,United Kingdom
10037,22633,HAND WARMER UNION JACK,5,2011-06-28,1.85,17850,United Kingdom
10038,22632,HAND WARMER RED POLKA DOT,10,2011-06-28,1.85,17850,United Kingdom
10039,84879,ASSORTED COLOUR BIRD ORNAMENT,0,2011-06-28,1.69,17850,United Kingdom
10040,85123A,WHITE HANGING HEART T-LIGHT HOLDER,0,2011-06-29,2.55,17850,United Kingdom
10041,71053,WHITE METAL LANTERN,5,2011-06-29,3.39,17850,United Kingdom
10042,84406B,CREAM CUPID HEARTS COAT HANGER,0,2011-06-29,2.75,17850,United Kingdom
10043,84029G,KNITTED UNION FLAG HOT WATER BOTTLE,10,2011-06-29,3.39,17850,United Kingdom
10044,84029E,RED WOOLLY HOTTIE WHITE HEART,20,2011-06-29,3.39,17850,United Kingdom
10045,22752,SET 7 BABUSHKA NESTING BOXES,0,2011-06-29,7.65,17850,United Kingdom
10046,21730,GLASS STAR FROSTED T-LIGHT HOLDER,10,2011-06-29,4.25,17850,United Kingdom
10047,22633,HAND WARMER UNION JACK,5,2011-06-29,1.85,17850,United Kingdom
10048,22632,HAND WARMER RED POLKA DOT,5,2011-06-29,1.85,17850,United Kingdom
10049,84879,ASSORTED COLOUR BIRD ORNAMENT,30,2011-06-29,1.69,17850,United Kingdom
10050,85123A,WHITE HANGING HEART T-LIGHT HOLDER,10,2011-06-30,2.55,17850,United Kingdom
10051,71053,WHITE METAL LANTERN,0,2011-06-30,3.39,17850,United Kingdom
10052,84406B,CREAM CUPID HEARTS COAT HANGER,0,2011-06-30,2.75,17850,United Kingdom
10053,84029G,KNITTED UNION FLAG HOT WATER BOTTLE,30,2011-06-30,3.39,17850,United Kingdom
10054,84029E,RED WOOLLY HOTTIE WHITE HEART,10,2011-06-30,3.39,17850,United Kingdom
10055,22752,SET 7 BABUSHKA NESTING BOXES,0,2011-06-30,7.65,17850,United Kingdom
10056,21730,GLASS STAR FROSTED T-LIGHT HOLDER,0,2011-06-30,4.25,17850,United Kingdom
10057,22633,HAND WARMER UNION JACK,20,2011-06-30,1.85,17850,United Kingdom
10058,22632,HAND WARMER RED POLKA DOT,30,2011-06-30,1.85,17850,United Kingdom
10059,84879,ASSORTED COLOUR BIRD ORNAMENT,5,2011-06-30,1.69,17850,United Kingdom
10060,85123A,WHITE HANGING HEART T-LIGHT HOLDER,20,2011-07-01,2.55,17850,United Kingdom
10061,71053,WHITE METAL LANTERN,30,2011-07-01,3.39,17850,United Kingdom
10062,84406B,CREAM CUPID HEARTS COAT HANGER,30,2011-07-01,2.75,17850,United Kingdom
10063,84029G,KNITTED UNION FLAG HOT WATER BOTTLE,20,2011-07-01,3.39,17850,United Kingdom
10064,84029E,RED WOOLLY HOTTIE WHITE HEART,20,2011-07-01,3.39,17850,United Kingdom
10065,22752,SET 7 BABUSHKA NESTING BOXES,0,2011-07-01,7.65,17850,United Kingdom
10066,21730,GLASS STAR FROSTED T-LIGHT HOLDER,10,2011-07-01,4.25,17850,United Kingdom
10067,22633,HAND WARMER UNION JACK,5,2011-07-01,1.85,17850,United Kingdom
10068,22632,HAND WARMER RED POLKA DOT,30,2011-07-01,1.85,17850,United Kingdom
10069,84879,ASSORTED COLOUR BIRD ORNAMENT,30,2011-07-01,1.69,17850,United Kingdom
10070,85123A,WHITE HANGING HEART T-LIGHT HOLDER,0,2011-07-02,2.55,17850,United Kingdom
10071,71053,WHITE METAL LANTERN,0,2011-07-02,3.39,17850,United Kingdom
10072,84406B,CREAM CUPID HEARTS COAT HANGER,20,2011-07-02,2.75,17850,United Kingdom
10073,84029G,KNITTED UNION FLAG HOT WATER BOTTLE,0,2011-07-02,3.39,17850,United Kingdom
10074,84029E,RED WOOLLY HOTTIE WHITE HEART,20,2011-07-02,3.39,17850,United Kingdom
10075,22752,SET 7 BABUSHKA NESTING BOXES,30,2011-07-02,7.65,17850,United Kingdom
10076,21730,GLASS STAR FROSTED T-LIGHT HOLDER,0,2011-07-02,4.25,17850,United Kingdom
10077,22633,HAND WARMER UNION JACK,0,2011-07-02,1.85,17850,United Kingdom
10078,22632,HAND WARMER RED POLKA DOT,10,2011-07-02,1.85,17850,United Kingdom
10079,84879,ASSORTED COLOUR BIRD ORNAMENT,0,2011-07-02,1.69,17850,United Kingdom
10080,85123A,WHITE HANGING HEART T-LIGHT HOLDER,0,2011-07-03,2.55,17850,United Kingdom
10081,71053,WHITE METAL LANTERN,30,2011-07-03,3.39,17850,United Kingdom
10082,84406B,CREAM CUPID HEARTS COAT HANGER,0,2011-07-03,2.75,17850,United Kingdom
10083,84029G,KNITTED UNION FLAG HOT WATER BOTTLE,30,2011-07-03,3.39,17850,United Kingdom
10084,84029E,RED WOOLLY HOTTIE WHITE HEART,10,2011-07-03,3.39,17850,United Kingdom
10085,22752,SET 7 BABUSHKA NESTING BOXES,5,2011-07-03,7.65,17850,United Kingdom
10086,21730,GLASS STAR FROSTED T-LIGHT HOLDER,0,2011-07-03,4.25,17850,United Kingdom
10087,22633,HAND WARMER UNION JACK,0,2011-07-03,1.85,17850,United Kingdom
10088,22632,HAND WARMER RED POLKA DOT,0,2011-07-03,1.85,17850,United Kingdom
10089,84879,ASSORTED COLOUR BIRD ORNAMENT,10,2011-07-03,1.69,17850,United Kingdom
10090,85123A,WHITE HANGING HEART T-LIGHT HOLDER,5,2011-07-04,2.55,17850,United Kingdom
10091,71053,WHITE METAL LANTERN,0,2011-07-04,3.39,17850,United Kingdom
10092,84406B,CREAM CUPID HEARTS COAT HANGER,0,2011-07-04,2.75,17850,United Kingdom
10093,84029G,KNITTED UNION FLAG HOT WATER BOTTLE,10,2011-07-04,3.39,17850,United Kingdom
10094,84029E,RED WOOLLY HOTTIE WHITE HEART,0,2011-07-04,3.39,17850,United Kingdom
10095,22752,SET 7 BABUSHKA NESTING BOXES,20,2011-07-04,7.65,17850,United Kingdom
10096,21730,GLASS STAR FROSTED T-LIGHT HOLDER,0,2011-07-04,4.25,17850,United Kingdom
10097,22633,HAND WARMER UNION JACK,10,2011-07-04,1.85,17850,United Kingdom
10098,22632,HAND WARMER RED POLKA DOT,0,2011-07-04,1.85,17850,United Kingdom
10099,84879,ASSORTED COLOUR BIRD ORNAMENT,30,2011-07-04,1.69,17850,United Kingdom
10100,85123A,WHITE HANGING HEART T-LIGHT HOLDER,70,2011-07-05,2.55,17850,United Kingdom
10101,71053,WHITE METAL LANTERN,40,2011-07-05,3.39,17850,United Kingdom
10102,84406B,CREAM CUPID HEARTS COAT HANGER,65,2011-07-05,2.75,17850,United Kingdom
10103,84029G,KNITTED UNION FLAG HOT WATER BOTTLE,70,2011-07-05,3.39,17850,United Kingdom
10104,84029E,RED WOOLLY HOTTIE WHITE HEART,60,2011-07-05,3.39,17850,United Kingdom
10105,22752,SET 7 BABUSHKA NESTING BOXES,55,2011-07-05,7.65,17850,United Kingdom
10106,21730,GLASS STAR FROSTED T-LIGHT HOLDER,40,2011-07-05,4.25,17850,United Kingdom
10107,22633,HAND WARMER UNION JACK,45,2011-07-05,1.85,17850,United Kingdom
10108,22632,HAND WARMER RED POLKA DOT,50,2011-07-05,1.85,17850,United Kingdom
10109,84879,ASSORTED COLOUR BIRD ORNAMENT,70,2011-07-05,1.69,17850,United Kingdom
10110,85123A,WHITE HANGING HEART T-LIGHT HOLDER,70,2011-07-06,2.55,17850,United Kingdom
10111,71053,WHITE METAL LANTERN,30,2011-07-06,3.39,17850,United Kingdom
10112,84406B,CREAM CUPID HEARTS COAT HANGER,70,2011-07-06,2.75,17850,United Kingdom
10113,84029G,KNITTED UNION FLAG HOT WATER BOTTLE,80,2011-07-06,3.39,17850,United Kingdom
10114,84029E,RED WOOLLY HOTTIE WHITE HEART,60,2011-07-06,3.39,17850,United Kingdom
10115,22752,SET 7 BABUSHKA NESTING BOXES,55,2011-07-06,7.65,17850,United Kingdom
10116,21730,GLASS STAR FROSTED T-LIGHT HOLDER,45,2011-07-06,4.25,17850,United Kingdom
10117,22633,HAND WARMER UNION JACK,50,2011-07-06,1.85,17850,United Kingdom
10118,22632,HAND WARMER RED POLKA DOT,50,2011-07-06,1.85,17850,United Kingdom
10119,84879,ASSORTED COLOUR BIRD ORNAMENT,75,2011-07-06,1.69,17850,United Kingdom
10120,85123A,WHITE HANGING HEART T-LIGHT HOLDER,70,2011-07-07,2.55,17850,United Kingdom
10121,71053,WHITE METAL LANTERN,55,2011-07-07,3.39,17850,United Kingdom
10122,84406B,CREAM CUPID HEARTS COAT HANGER,65,2011-07-07,2.75,17850,United Kingdom
10123,84029G,KNITTED UNION FLAG HOT WATER BOTTLE,65,2011-07-07,3.39,17850,United Kingdom
10124,84029E,RED WOOLLY HOTTIE WHITE HEART,75,2011-07-07,3.39,17850,United Kingdom
10125,22752,SET 7 BABUSHKA NESTING BOXES,55,2011-07-07,7.65,17850,United Kingdom
10126,21730,GLASS STAR FROSTED T-LIGHT HOLDER,45,2011-07-07,4.25,17850,United Kingdom
10127,22633,HAND WARMER UNION JACK,45,2011-07-07,1.85,17850,United Kingdom
10128,22632,HAND WARMER RED POLKA DOT,50,2011-07-07,1.85,17850,United Kingdom
10129,84879,ASSORTED COLOUR BIRD ORNAMENT,65,2011-07-07,1.69,17850,United Kingdom
10130,85123A,WHITE HANGING HEART T-LIGHT HOLDER,70,2011-07-08,2.55,17850,United Kingdom
10131,71053,WHITE METAL LANTERN,45,2011-07-08,3.39,17850,United Kingdom
10132,84406B,CREAM CUPID HEARTS COAT HANGER,65,2011-07-08,2.75,17850,United Kingdom
10133,84029G,KNITTED UNION FLAG HOT WATER BOTTLE,70,2011-07-08,3.39,17850,United Kingdom
10134,84029E,RED WOOLLY HOTTIE WHITE HEART,60,2011-07-08,3.39,17850,United Kingdom
10135,22752,SET 7 BABUSHKA NESTING BOXES,45,2011-07-08,7.65,17850,United Kingdom
10136,21730,GLASS STAR FROSTED T-LIGHT HOLDER,40,2011-07-08,4.25,17850,United Kingdom
10137,22633,HAND WARMER UNION JACK,45,2011-07-08,1.85,17850,United Kingdom
10138,22632,HAND WARMER RED POLKA DOT,45,2011-07-08,1.85,17850,United Kingdom
10139,84879,ASSORTED COLOUR BIRD ORNAMENT,70,2011-07-08,1.69,17850,United Kingdom
10140,85123A,WHITE HANGING HEART T-LIGHT HOLDER,50,2011-07-09,2.55,17850,United Kingdom
10141,71053,WHITE METAL LANTERN,35,2011-07-09,3.39,17850,United Kingdom
10142,84406B,CREAM CUPID HEARTS COAT HANGER,50,2011-07-09,2.75,17850,United Kingdom
10143,84029G,KNITTED UNION FLAG HOT WATER BOTTLE,45,2011-07-09,3.39,17850,United Kingdom
10144,84029E,RED WOOLLY HOTTIE WHITE HEART,45,2011-07-09,3.39,17850,United Kingdom
10145,22752,SET 7 BABUSHKA NESTING BOXES,40,2011-07-09,7.65,17850,United Kingdom
10146,21730,GLASS STAR FROSTED T-LIGHT HOLDER,25,2011-07-09,4.25,17850,United Kingdom
10147,22633,HAND WARMER UNION JACK,30,2011-07-09,1.85,17850,United Kingdom
10148,22632,HAND WARMER RED POLKA DOT,45,2011-07-09,1.85,17850,United Kingdom
10149,84879,ASSORTED COLOUR BIRD ORNAMENT,30,2011-07-09,1.69,17850,United Kingdom
10150,85123A,WHITE HANGING HEART T-LIGHT HOLDER,50,2011-07-10,2.55,17850,United Kingdom
10151,71053,WHITE METAL LANTERN,35,2011-07-10,3.39,17850,United Kingdom
10152,84406B,CREAM CUPID HEARTS COAT HANGER,45,2011-07-10,2.75,17850,United Kingdom
10153,84029G,KNITTED UNION FLAG HOT WATER BOTTLE,55,2011-07-10,3.39,17850,United Kingdom
10154,84029E,RED WOOLLY HOTTIE WHITE HEART,30,2011-07-10,3.39,17850,United Kingdom
10155,22752,SET 7 BABUSHKA NESTING BOXES,35,2011-07-10,7.65,17850,United Kingdom
10156,21730,GLASS STAR FROSTED T-LIGHT HOLDER,30,2011-07-10,4.25,17850,United Kingdom
10157,22633,HAND WARMER UNION JACK,35,2011-07-10,1.85,17850,United Kingdom
10158,22632,HAND WARMER RED POLKA DOT,35,2011-07-10,1.85,17850,United Kingdom
10159,84879,ASSORTED COLOUR BIRD ORNAMENT,60,2011-07-10,1.69,17850,United Kingdom
10160,85123A,WHITE HANGING HEART T-LIGHT HOLDER,85,2011-07-11,2.55,17850,United Kingdom
10161,71053,WHITE METAL LANTERN,45,2011-07-11,3.39,17850,United Kingdom
10162,84406B,CREAM CUPID HEARTS COAT HANGER,65,2011-07-11,2.75,17850,United Kingdom
10163,84029G,KNITTED UNION FLAG HOT WATER BOTTLE,70,2011-07-11,3.39,17850,United Kingdom
10164,84029E,RED WOOLLY HOTTIE WHITE HEART,60,2011-07-11,3.39,17850,United Kingdom
10165,22752,SET 7 BABUSHKA NESTING BOXES,40,2011-07-11,7.65,17850,United Kingdom
10166,21730,GLASS STAR FROSTED T-LIGHT HOLDER,45,2011-07-11,4.25,17850,United Kingdom
10167,22633,HAND WARMER UNION JACK,45,2011-07-11,1.85,17850,United Kingdom
10168,22632,HAND WARMER RED POLKA DOT,55,2011-07-11,1.85,17850,United Kingdom
10169,84879,ASSORTED COLOUR BIRD ORNAMENT,65,2011-07-11,1.69,17850,United Kingdom
10170,85123A,WHITE HANGING HEART T-LIGHT HOLDER,85,2011-07-12,2.55,17850,United Kingdom
10171,71053,WHITE METAL LANTERN,50,2011-07-12,3.39,17850,United Kingdom
10172,84406B,CREAM CUPID HEARTS COAT HANGER,55,2011-07-12,2.75,17850,United Kingdom
10173,84029G,KNITTED UNION FLAG HOT WATER BOTTLE,80,2011-07-12,3.39,17850,United Kingdom
10174,84029E,RED WOOLLY HOTTIE WHITE HEART,60,2011-07-12,3.39,17850,United Kingdom
10175,22752,SET 7 BABUSHKA NESTING BOXES,45,2011-07-12,7.65,17850,United Kingdom
10176,21730,GLASS STAR FROSTED T-LIGHT HOLDER,40,2011-07-12,4.25,17850,United Kingdom
10177,22633,HAND WARMER UNION JACK,50,2011-07-12,1.85,17850,United Kingdom
10178,22632,HAND WARMER RED POLKA DOT,50,2011-07-12,1.85,17850,United Kingdom
10179,84879,ASSORTED COLOUR BIRD ORNAMENT,75,2011-07-12,1.69,17850,United Kingdom
10180,85123A,WHITE HANGING HEART T-LIGHT HOLDER,80,2011-07-13,2.55,17850,United Kingdom
10181,71053,WHITE METAL LANTERN,55,2011-07-13,3.39,17850,United Kingdom
10182,84406B,CREAM CUPID HEARTS COAT HANGER,75,2011-07-13,2.75,17850,United Kingdom
10183,84029G,KNITTED UNION FLAG HOT WATER BOTTLE,75,2011-07-13,3.39,17850,United Kingdom
10184,84029E,RED WOOLLY HOTTIE WHITE HEART,55,2011-07-13,3.39,17850,United Kingdom
10185,22752,SET 7 BABUSHKA NESTING BOXES,50,2011-07-13,7.65,17850,United Kingdom
10186,21730,GLASS STAR FROSTED T-LIGHT HOLDER,40,2011-07-13,4.25,17850,United Kingdom
10187,22633,HAND WARMER UNION JACK,40,2011-07-13,1.85,17850,United Kingdom
10188,22632,HAND WARMER RED POLKA DOT,55,2011-07-13,1.85,17850,United Kingdom
10189,84879,ASSORTED COLOUR BIRD ORNAMENT,70,2011-07-13,1.69,17850,United Kingdom
10190,85123A,WHITE HANGING HEART T-LIGHT HOLDER,85,2011-07-14,2.55,17850,United Kingdom
10191,71053,WHITE METAL LANTERN,55,2011-07-14,3.39,17850,United Kingdom
10192,84406B,CREAM CUPID HEARTS COAT HANGER,65,2011-07-14,2.75,17850,United Kingdom
10193,84029G,KNITTED UNION FLAG HOT WATER BOTTLE,75,2011-07-14,3.39,17850,United Kingdom
10194,84029E,RED WOOLLY HOTTIE WHITE HEART,40,2011-07-14,3.39,17850,United Kingdom
10195,22752,SET 7 BABUSHKA NESTING BOXES,50,2011-07-14,7.65,17850,United Kingdom
10196,21730,GLASS STAR FROSTED T-LIGHT HOLDER,45,2011-07-14,4.25,17850,United Kingdom
10197,22633,HAND WARMER UNION JACK,25,2011-07-14,1.85,17850,United Kingdom
10198,22632,HAND WARMER RED POLKA DOT,45,2011-07-14,1.85,17850,United Kingdom
10199,84879,ASSORTED COLOUR BIRD ORNAMENT,70,2011-07-14,1.69,17850,United Kingdom
10200,85123A,WHITE HANGING HEART T-LIGHT HOLDER,70,2011-07-15,2.55,17850,United Kingdom
10201,71053,WHITE METAL LANTERN,25,2011-07-15,3.39,17850,United Kingdom
10202,84406B,CREAM CUPID HEARTS COAT HANGER,60,2011-07-15,2.75,17850,United Kingdom
10203,84029G,KNITTED UNION FLAG HOT WATER BOTTLE,75,2011-07-15,3.39,17850,United Kingdom
10204,84029E,RED WOOLLY HOTTIE WHITE HEART,65,2011-07-15,3.39,17850,United Kingdom
10205,22752,SET 7 BABUSHKA NESTING BOXES,50,2011-07-15,7.65,17850,United Kingdom
10206,21730,GLASS STAR FROSTED T-LIGHT HOLDER,40,2011-07-15,4.25,17850,United Kingdom
10207,22633,HAND WARMER UNION JACK,40,2011-07-15,1.85,17850,United Kingdom
10208,22632,HAND WARMER RED POLKA DOT,45,2011-07-15,1.85,17850,United Kingdom
10209,84879,ASSORTED COLOUR BIRD ORNAMENT,70,2011-07-15,1.69,17850,United Kingdom
10210,85123A,WHITE HANGING HEART T-LIGHT HOLDER,50,2011-07-16,2.55,17850,United Kingdom
10211,71053,WHITE METAL LANTERN,35,2011-07-16,3.39,17850,United Kingdom
10212,84406B,CREAM CUPID HEARTS COAT HANGER,40,2011-07-16,2.75,17850,United Kingdom
10213,84029G,KNITTED UNION FLAG HOT WATER BOTTLE,50,2011-07-16,3.39,17850,United Kingdom
10214,84029E,RED WOOLLY HOTTIE WHITE HEART,45,2011-07-16,3.39,17850,United Kingdom
10215,22752,SET 7 BABUSHKA NESTING BOXES,35,2011-07-16,7.65,17850,United Kingdom
10216,21730,GLASS STAR FROSTED T-LIGHT HOLDER,25,2011-07-16,4.25,17850,United Kingdom
10217,22633,HAND WARMER UNION JACK,40,2011-07-16,1.85,17850,United Kingdom
10218,22632,HAND WARMER RED POLKA DOT,45,2011-07-16,1.85,17850,United Kingdom
10219,84879,ASSORTED COLOUR BIRD ORNAMENT,55,2011-07-16,1.69,17850,United Kingdom
10220,85123A,WHITE HANGING HEART T-LIGHT HOLDER,60,2011-07-17,2.55,17850,United Kingdom
10221,71053,WHITE METAL LANTERN,50,2011-07-17,3.39,17850,United Kingdom
10222,84406B,CREAM CUPID HEARTS COAT HANGER,50,2011-07-17,2.75,17850,United Kingdom
10223,84029G,KNITTED UNION FLAG HOT WATER BOTTLE,45,2011-07-17,3.39,17850,United Kingdom
10224,84029E,RED WOOLLY HOTTIE WHITE HEART,45,2011-07-17,3.39,17850,United Kingdom
10225,22752,SET 7 BABUSHKA NESTING BOXES,35,2011-07-17,7.65,17850,United Kingdom
10226,21730,GLASS STAR FROSTED T-LIGHT HOLDER,35,2011-07-17,4.25,17850,United Kingdom
10227,22633,HAND WARMER UNION JACK,35,2011-07-17,1.85,17850,United Kingdom
10228,22632,HAND WARMER RED POLKA DOT,25,2011-07-17,1.85,17850,United Kingdom
10229,84879,ASSORTED COLOUR BIRD ORNAMENT,60,2011-07-17,1.69,17850,United Kingdom
10230,85123A,WHITE HANGING HEART T-LIGHT HOLDER,85,2011-07-18,2.55,17850,United Kingdom
10231,71053,WHITE METAL LANTERN,30,2011-07-18,3.39,17850,United Kingdom
10232,84406B,CREAM CUPID HEARTS COAT HANGER,50,2011-07-18,2.75,17850,United Kingdom
10233,84029G,KNITTED UNION FLAG HOT WATER BOTTLE,70,2011-07-18,3.39,17850,United Kingdom
10234,84029E,RED WOOLLY HOTTIE WHITE HEART,50,2011-07-18,3.39,17850,United Kingdom
10235,22752,SET 7 BABUSHKA NESTING BOXES,50,2011-07-18,7.65,17850,United Kingdom
10236,21730,GLASS STAR FROSTED T-LIGHT HOLDER,40,2011-07-18,4.25,17850,United Kingdom
10237,22633,HAND WARMER UNION JACK,45,2011-07-18,1.85,17850,United Kingdom
10238,22632,HAND WARMER RED POLKA DOT,50,2011-07-18,1.85,17850,United Kingdom
10239,84879,ASSORTED COLOUR BIRD ORNAMENT,70,2011-07-18,1.69,17850,United Kingdom
10240,85123A,WHITE HANGING HEART T-LIGHT HOLDER,70,2011-07-19,2.55,17850,United Kingdom
10241,71053,WHITE METAL LANTERN,55,2011-07-19,3.39,17850,United Kingdom
10242,84406B,CREAM CUPID HEARTS COAT HANGER,60,2011-07-19,2.75,17850,United Kingdom
10243,84029G,KNITTED UNION FLAG HOT WATER BOTTLE,85,2011-07-19,3.39,17850,United Kingdom
10244,84029E,RED WOOLLY HOTTIE WHITE HEART,60,2011-07-19,3.39,17850,United Kingdom
10245,22752,SET 7 BABUSHKA NESTING BOXES,45,2011-07-19,7.65,17850,United Kingdom
10246,21730,GLASS STAR FROSTED T-LIGHT HOLDER,40,2011-07-19,4.25,17850,United Kingdom
10247,22633,HAND WARMER UNION JACK,25,2011-07-19,1.85,17850,United Kingdom
10248,22632,HAND WARMER RED POLKA DOT,45,2011-07-19,1.85,17850,United Kingdom
10249,84879,ASSORTED COLOUR BIRD ORNAMENT,70,2011-07-19,1.69,17850,United Kingdom
10250,85123A,WHITE HANGING HEART T-LIGHT HOLDER,95,2011-07-20,2.55,17850,United Kingdom
10251,71053,WHITE METAL LANTERN,50,2011-07-20,3.39,17850,United Kingdom
10252,84406B,CREAM CUPID HEARTS COAT HANGER,55,2011-07-20,2.75,17850,United Kingdom
10253,84029G,KNITTED UNION FLAG HOT WATER BOTTLE,75,2011-07-20,3.39,17850,United Kingdom
10254,84029E,RED WOOLLY HOTTIE WHITE HEART,60,2011-07-20,3.39,17850,United Kingdom
10255,22752,SET 7 BABUSHKA NESTING BOXES,50,2011-07-20,7.65,17850,United Kingdom
10256,21730,GLASS STAR FROSTED T-LIGHT HOLDER,40,2011-07-20,4.25,17850,United Kingdom
10257,22633,HAND WARMER UNION JACK,45,2011-07-20,1.85,17850,United Kingdom
10258,22632,HAND WARMER RED POLKA DOT,45,2011-07-20,1.85,17850,United Kingdom
10259,84879,ASSORTED COLOUR BIRD ORNAMENT,70,2011-07-20,1.69,17850,United Kingdom
10260,85123A,WHITE HANGING HEART T-LIGHT HOLDER,70,2011-07-21,2.55,17850,United Kingdom
10261,71053,WHITE METAL LANTERN,55,2011-07-21,3.39,17850,United Kingdom
10262,84406B,CREAM CUPID HEARTS COAT HANGER,55,2011-07-21,2.75,17850,United Kingdom
10263,84029G,KNITTED UNION FLAG HOT WATER BOTTLE,70,2011-07-21,3.39,17850,United Kingdom
10264,84029E,RED WOOLLY HOTTIE WHITE HEART,60,2011-07-21,3.39,17850,United Kingdom
10265,22752,SET 7 BABUSHKA NESTING BOXES,45,2011-07-21,7.65,17850,United Kingdom
10266,21730,GLASS STAR FROSTED T-LIGHT HOLDER,40,2011-07-21,4.25,17850,United Kingdom
10267,22633,HAND WARMER UNION JACK,45,2011-07-21,1.85,17850,United Kingdom
10268,22632,HAND WARMER RED POLKA DOT,50,2011-07-21,1.85,17850,United Kingdom
10269,84879,ASSORTED COLOUR BIRD ORNAMENT,60,2011-07-21,1.69,17850,United Kingdom
10270,85123A,WHITE HANGING HEART T-LIGHT HOLDER,80,2011-07-22,2.55,17850,United Kingdom
10271,71053,WHITE METAL LANTERN,45,2011-07-22,3.39,17850,United Kingdom
10272,84406B,CREAM CUPID HEARTS COAT HANGER,60,2011-07-22,2.75,17850,United Kingdom
10273,84029G,KNITTED UNION FLAG HOT WATER BOTTLE,75,2011-07-22,3.39,17850,United Kingdom
10274,84029E,RED WOOLLY HOTTIE WHITE HEART,60,2011-07-22,3.39,17850,United Kingdom
10275,22752,SET 7 BABUSHKA NESTING BOXES,55,2011-07-22,7.65,17850,United Kingdom
10276,21730,GLASS STAR FROSTED T-LIGHT HOLDER,30,2011-07-22,4.25,17850,United Kingdom
10277,22633,HAND WARMER UNION JACK,40,2011-07-22,1.85,17850,United Kingdom
10278,22632,HAND WARMER RED POLKA DOT,60,2011-07-22,1.85,17850,United Kingdom
10279,84879,ASSORTED COLOUR BIRD ORNAMENT,75,2011-07-22,1.69,17850,United Kingdom
10280,85123A,WHITE HANGING HEART T-LIGHT HOLDER,50,2011-07-23,2.55,17850,United Kingdom
10281,71053,WHITE METAL LANTERN,40,2011-07-23,3.39,17850,United Kingdom
10282,84406B,CREAM CUPID HEARTS COAT HANGER,55,2011-07-23,2.75,17850,United Kingdom
10283,84029G,KNITTED UNION FLAG HOT WATER BOTTLE,50,2011-07-23,3.39,17850,United Kingdom
10284,84029E,RED WOOLLY HOTTIE WHITE HEART,25,2011-07-23,3.39,17850,United Kingdom
10285,22752,SET 7 BABUSHKA NESTING BOXES,40,2011-07-23,7.65,17850,United Kingdom
10286,21730,GLASS STAR FROSTED T-LIGHT HOLDER,25,2011-07-23,4.25,17850,United Kingdom
10287,22633,HAND WARMER UNION JACK,30,2011-07-23,1.85,17850,United Kingdom
10288,22632,HAND WARMER RED POLKA DOT,45,2011-07-23,1.85,17850,United Kingdom
10289,84879,ASSORTED COLOUR BIRD ORNAMENT,55,2011-07-23,1.69,17850,United Kingdom
10290,85123A,WHITE HANGING HEART T-LIGHT HOLDER,60,2011-07-24,2.55,17850,United Kingdom
10291,71053,WHITE METAL LANTERN,40,2011-07-24,3.39,17850,United Kingdom
10292,84406B,CREAM CUPID HEARTS COAT HANGER,40,2011-07-24,2.75,17850,United Kingdom
10293,84029G,KNITTED UNION FLAG HOT WATER BOTTLE,50,2011-07-24,3.39,17850,United Kingdom
10294,84029E,RED WOOLLY HOTTIE WHITE HEART,30,2011-07-24,3.39,17850,United Kingdom
10295,22752,SET 7 BABUSHKA NESTING BOXES,35,2011-07-24,7.65,17850,United Kingdom
10296,21730,GLASS STAR FROSTED T-LIGHT HOLDER,30,2011-07-24,4.25,17850,United Kingdom
10297,22633,HAND WARMER UNION JACK,25,2011-07-24,1.85,17850,United Kingdom
10298,22632,HAND WARMER RED POLKA DOT,40,2011-07-24,1.85,17850,United Kingdom
10299,84879,ASSORTED COLOUR BIRD ORNAMENT,40,2011-07-24,1.69,17850,United Kingdom
10300,85123A,WHITE HANGING HEART T-LIGHT HOLDER,75,2011-07-25,2.55,17850,United Kingdom
10301,71053,WHITE METAL LANTERN,45,2011-07-25,3.39,17850,United Kingdom
10302,84406B,CREAM CUPID HEARTS COAT HANGER,60,2011-07-25,2.75,17850,United Kingdom
10303,84029G,KNITTED UNION FLAG HOT WATER BOTTLE,80,2011-07-25,3.39,17850,United Kingdom
10304,84029E,RED WOOLLY HOTTIE WHITE HEART,65,2011-07-25,3.39,17850,United Kingdom
10305,22752,SET 7 BABUSHKA NESTING BOXES,25,2011-07-25,7.65,17850,United Kingdom
10306,21730,GLASS STAR FROSTED T-LIGHT HOLDER,40,2011-07-25,4.25,17850,United Kingdom
10307,22633,HAND WARMER UNION JACK,45,2011-07-25,1.85,17850,United Kingdom
10308,22632,HAND WARMER RED POLKA DOT,50,2011-07-25,1.85,17850,United Kingdom
10309,84879,ASSORTED COLOUR BIRD ORNAMENT,70,2011-07-25,1.69,17850,United Kingdom
